,tr_label
0,chompapia
1,chompapia
2,chompapia
3,chompapia
4,no chompapia
5,no chompapia
6,no chompapia
7,no chompapia
8,no chompapia
9,no chompapia
10,chompapia
11,chompapia
12,no chompapia
13,chompapia
14,no chompapia
15,chompapia
16,chompapia
17,chompapia
18,chompapia
19,no chompapia
20,no chompapia
21,no chompapia
22,no chompapia
23,no chompapia
24,chompapia
25,no chompapia
26,no chompapia
27,no chompapia
28,chompapia
29,no chompapia
30,chompapia
31,no chompapia
32,no chompapia
33,chompapia
34,no chompapia
35,chompapia
36,no chompapia
37,no chompapia
38,no chompapia
39,chompapia
40,no chompapia
41,no chompapia
42,no chompapia
43,no chompapia
44,no chompapia
45,no chompapia
46,chompapia
47,no chompapia
48,no chompapia
49,no chompapia
50,chompapia
51,no chompapia
52,chompapia
53,chompapia
54,no chompapia
55,no chompapia
56,no chompapia
57,chompapia
58,chompapia
59,chompapia
60,no chompapia
61,no chompapia
62,no chompapia
63,no chompapia
64,chompapia
65,chompapia
66,chompapia
67,no chompapia
68,no chompapia
69,no chompapia
70,no chompapia
71,chompapia
72,no chompapia
73,chompapia
74,no chompapia
75,no chompapia
76,no chompapia
77,chompapia
78,chompapia
79,no chompapia
80,no chompapia
81,no chompapia
82,chompapia
83,no chompapia
84,chompapia
85,chompapia
86,no chompapia
87,chompapia
88,no chompapia
89,chompapia
90,no chompapia
91,no chompapia
92,no chompapia
93,chompapia
94,chompapia
95,no chompapia
96,no chompapia
97,no chompapia
98,chompapia
99,chompapia
100,chompapia
101,chompapia
102,no chompapia
103,no chompapia
104,chompapia
105,chompapia
106,chompapia
107,chompapia
108,no chompapia
109,chompapia
110,no chompapia
111,chompapia
112,no chompapia
113,no chompapia
114,no chompapia
115,chompapia
116,no chompapia
117,no chompapia
118,no chompapia
119,no chompapia
120,no chompapia
121,no chompapia
122,chompapia
123,no chompapia
124,chompapia
125,chompapia
126,chompapia
127,no chompapia
128,chompapia
129,chompapia
130,no chompapia
131,chompapia
132,chompapia
133,no chompapia
134,no chompapia
135,chompapia
136,chompapia
137,no chompapia
138,no chompapia
139,chompapia
140,chompapia
141,no chompapia
142,no chompapia
143,no chompapia
144,no chompapia
145,no chompapia
146,chompapia
147,chompapia
148,no chompapia
149,chompapia
150,no chompapia
151,chompapia
152,no chompapia
153,no chompapia
154,chompapia
155,no chompapia
156,no chompapia
157,no chompapia
158,chompapia
159,no chompapia
160,no chompapia
161,no chompapia
162,chompapia
163,chompapia
164,no chompapia
165,no chompapia
166,chompapia
167,no chompapia
168,no chompapia
169,no chompapia
170,no chompapia
171,no chompapia
172,chompapia
173,no chompapia
174,no chompapia
175,no chompapia
176,chompapia
177,no chompapia
178,no chompapia
179,no chompapia
180,chompapia
181,no chompapia
182,no chompapia
183,no chompapia
184,no chompapia
185,no chompapia
186,chompapia
187,chompapia
188,no chompapia
189,no chompapia
190,no chompapia
191,chompapia
192,chompapia
193,chompapia
194,chompapia
195,no chompapia
196,no chompapia
197,no chompapia
198,no chompapia
199,no chompapia
200,no chompapia
201,chompapia
202,no chompapia
203,no chompapia
204,no chompapia
205,no chompapia
206,no chompapia
207,no chompapia
208,chompapia
209,no chompapia
210,chompapia
211,no chompapia
212,no chompapia
213,no chompapia
214,chompapia
215,chompapia
216,chompapia
217,no chompapia
218,no chompapia
219,chompapia
220,no chompapia
221,no chompapia
222,chompapia
223,no chompapia
224,no chompapia
225,no chompapia
226,chompapia
227,no chompapia
228,no chompapia
229,no chompapia
230,no chompapia
231,chompapia
232,no chompapia
233,no chompapia
234,no chompapia
235,chompapia
236,chompapia
237,no chompapia
238,chompapia
239,chompapia
240,no chompapia
241,chompapia
242,no chompapia
243,no chompapia
244,no chompapia
245,no chompapia
246,no chompapia
247,no chompapia
248,chompapia
249,chompapia
250,no chompapia
251,no chompapia
252,chompapia
253,chompapia
254,no chompapia
255,no chompapia
256,chompapia
257,chompapia
258,no chompapia
259,chompapia
260,chompapia
261,chompapia
262,no chompapia
263,chompapia
264,no chompapia
265,chompapia
266,no chompapia
267,no chompapia
268,chompapia
269,no chompapia
270,no chompapia
271,no chompapia
272,chompapia
273,no chompapia
274,no chompapia
275,no chompapia
276,no chompapia
277,no chompapia
278,no chompapia
279,chompapia
280,no chompapia
281,no chompapia
282,no chompapia
283,no chompapia
284,no chompapia
285,no chompapia
286,chompapia
287,no chompapia
288,chompapia
289,no chompapia
290,chompapia
291,chompapia
292,no chompapia
293,no chompapia
294,no chompapia
295,no chompapia
296,no chompapia
297,chompapia
298,chompapia
299,chompapia
300,chompapia
301,no chompapia
302,no chompapia
303,chompapia
304,no chompapia
305,no chompapia
306,no chompapia
307,chompapia
308,no chompapia
309,chompapia
310,no chompapia
311,chompapia
312,no chompapia
313,no chompapia
314,chompapia
315,no chompapia
316,chompapia
317,chompapia
318,chompapia
319,no chompapia
320,no chompapia
321,no chompapia
322,no chompapia
323,no chompapia
324,no chompapia
325,no chompapia
326,chompapia
327,chompapia
328,no chompapia
329,chompapia
330,chompapia
331,no chompapia
332,no chompapia
333,chompapia
334,no chompapia
335,no chompapia
336,no chompapia
337,no chompapia
338,no chompapia
339,no chompapia
340,chompapia
341,no chompapia
342,no chompapia
343,no chompapia
344,chompapia
345,no chompapia
346,no chompapia
347,no chompapia
348,chompapia
349,chompapia
350,no chompapia
351,no chompapia
352,no chompapia
353,no chompapia
354,no chompapia
355,no chompapia
356,chompapia
357,chompapia
358,chompapia
359,no chompapia
360,no chompapia
361,no chompapia
362,no chompapia
363,no chompapia
364,no chompapia
365,no chompapia
366,no chompapia
367,no chompapia
368,no chompapia
369,no chompapia
370,no chompapia
371,no chompapia
372,chompapia
373,no chompapia
374,no chompapia
375,chompapia
376,no chompapia
377,no chompapia
378,chompapia
379,no chompapia
380,no chompapia
381,no chompapia
382,no chompapia
383,no chompapia
384,no chompapia
385,no chompapia
386,no chompapia
387,no chompapia
388,no chompapia
389,chompapia
390,chompapia
391,chompapia
392,no chompapia
393,no chompapia
394,no chompapia
395,no chompapia
396,no chompapia
397,chompapia
398,no chompapia
399,chompapia
400,chompapia
401,no chompapia
402,chompapia
403,no chompapia
404,no chompapia
405,no chompapia
406,chompapia
407,no chompapia
408,no chompapia
409,no chompapia
410,no chompapia
411,no chompapia
412,chompapia
413,no chompapia
414,no chompapia
415,no chompapia
416,chompapia
417,no chompapia
418,chompapia
419,chompapia
420,no chompapia
421,no chompapia
422,no chompapia
423,chompapia
424,chompapia
425,no chompapia
426,chompapia
427,no chompapia
428,chompapia
429,chompapia
430,no chompapia
431,no chompapia
432,chompapia
433,chompapia
434,chompapia
435,chompapia
436,no chompapia
437,chompapia
438,chompapia
439,no chompapia
440,no chompapia
441,no chompapia
442,no chompapia
443,no chompapia
444,no chompapia
445,chompapia
446,no chompapia
447,no chompapia
448,chompapia
449,chompapia
450,no chompapia
451,no chompapia
452,chompapia
453,chompapia
454,no chompapia
455,no chompapia
456,chompapia
457,no chompapia
458,chompapia
459,chompapia
460,no chompapia
461,no chompapia
462,no chompapia
463,no chompapia
464,no chompapia
465,no chompapia
466,no chompapia
467,no chompapia
468,no chompapia
469,chompapia
470,no chompapia
471,no chompapia
472,chompapia
473,chompapia
474,chompapia
475,chompapia
476,no chompapia
477,chompapia
478,chompapia
479,chompapia
480,no chompapia
481,no chompapia
482,chompapia
483,no chompapia
484,no chompapia
485,no chompapia
486,chompapia
487,no chompapia
488,chompapia
489,no chompapia
490,chompapia
491,no chompapia
492,chompapia
493,no chompapia
494,no chompapia
495,chompapia
496,no chompapia
497,chompapia
498,no chompapia
499,chompapia
500,chompapia
501,chompapia
502,no chompapia
503,no chompapia
504,no chompapia
505,no chompapia
506,chompapia
507,no chompapia
508,chompapia
509,chompapia
510,no chompapia
511,no chompapia
512,chompapia
513,no chompapia
514,no chompapia
515,chompapia
516,no chompapia
517,no chompapia
518,no chompapia
519,chompapia
520,no chompapia
521,chompapia
522,chompapia
523,chompapia
524,no chompapia
525,no chompapia
526,no chompapia
527,no chompapia
528,chompapia
529,chompapia
530,chompapia
531,no chompapia
532,no chompapia
533,no chompapia
534,no chompapia
535,chompapia
536,no chompapia
537,no chompapia
538,no chompapia
539,no chompapia
540,no chompapia
541,no chompapia
542,no chompapia
543,chompapia
544,no chompapia
545,no chompapia
546,no chompapia
547,no chompapia
548,no chompapia
549,chompapia
550,no chompapia
551,no chompapia
552,no chompapia
553,chompapia
554,no chompapia
555,no chompapia
556,no chompapia
557,chompapia
558,chompapia
559,no chompapia
560,no chompapia
561,chompapia
562,no chompapia
563,chompapia
564,no chompapia
565,chompapia
566,chompapia
567,chompapia
568,chompapia
569,no chompapia
570,no chompapia
571,chompapia
572,no chompapia
573,no chompapia
574,no chompapia
575,no chompapia
576,no chompapia
577,no chompapia
578,no chompapia
579,chompapia
580,no chompapia
581,no chompapia
582,no chompapia
583,no chompapia
584,no chompapia
585,no chompapia
586,no chompapia
587,chompapia
588,no chompapia
589,chompapia
590,no chompapia
591,no chompapia
592,no chompapia
593,no chompapia
594,no chompapia
595,no chompapia
596,chompapia
597,chompapia
598,no chompapia
599,no chompapia
600,chompapia
601,no chompapia
602,no chompapia
603,no chompapia
604,no chompapia
605,no chompapia
606,no chompapia
607,chompapia
608,chompapia
609,chompapia
610,no chompapia
611,no chompapia
612,no chompapia
613,no chompapia
614,chompapia
615,chompapia
616,chompapia
617,chompapia
618,no chompapia
619,no chompapia
620,chompapia
621,no chompapia
622,chompapia
623,chompapia
624,chompapia
625,no chompapia
626,no chompapia
627,chompapia
628,no chompapia
629,no chompapia
630,chompapia
631,chompapia
632,chompapia
633,no chompapia
634,no chompapia
635,no chompapia
636,no chompapia
637,chompapia
638,no chompapia
639,no chompapia
640,chompapia
641,no chompapia
642,chompapia
643,no chompapia
644,no chompapia
645,chompapia
646,chompapia
647,no chompapia
648,no chompapia
649,no chompapia
650,chompapia
651,no chompapia
652,no chompapia
653,no chompapia
654,no chompapia
655,no chompapia
656,chompapia
657,chompapia
658,no chompapia
659,chompapia
660,no chompapia
661,chompapia
662,chompapia
663,no chompapia
664,no chompapia
665,no chompapia
666,chompapia
667,chompapia
668,no chompapia
669,chompapia
670,no chompapia
671,no chompapia
672,chompapia
673,chompapia
674,chompapia
675,chompapia
676,no chompapia
677,chompapia
678,no chompapia
679,no chompapia
680,chompapia
681,chompapia
682,chompapia
683,no chompapia
684,no chompapia
685,no chompapia
686,no chompapia
687,chompapia
688,no chompapia
689,no chompapia
690,chompapia
691,no chompapia
692,no chompapia
693,chompapia
694,no chompapia
695,no chompapia
696,no chompapia
697,no chompapia
698,no chompapia
699,chompapia
700,no chompapia
701,no chompapia
702,no chompapia
703,no chompapia
704,no chompapia
705,no chompapia
706,no chompapia
707,chompapia
708,chompapia
709,no chompapia
710,no chompapia
711,chompapia
712,chompapia
713,no chompapia
714,chompapia
715,chompapia
716,no chompapia
717,no chompapia
718,chompapia
719,no chompapia
720,no chompapia
721,chompapia
722,chompapia
723,no chompapia
724,no chompapia
725,chompapia
726,no chompapia
727,no chompapia
728,no chompapia
729,no chompapia
730,chompapia
731,no chompapia
732,chompapia
733,chompapia
734,no chompapia
735,chompapia
736,chompapia
737,chompapia
738,chompapia
739,chompapia
740,no chompapia
741,no chompapia
742,no chompapia
743,no chompapia
744,chompapia
745,no chompapia
746,chompapia
747,no chompapia
748,no chompapia
749,chompapia
750,no chompapia
751,chompapia
752,chompapia
753,no chompapia
754,no chompapia
755,no chompapia
756,no chompapia
757,no chompapia
758,chompapia
759,no chompapia
760,chompapia
761,no chompapia
762,no chompapia
763,no chompapia
764,no chompapia
765,no chompapia
766,no chompapia
767,no chompapia
768,no chompapia
769,chompapia
770,no chompapia
771,no chompapia
772,no chompapia
773,no chompapia
774,no chompapia
775,no chompapia
776,chompapia
777,no chompapia
778,no chompapia
779,chompapia
780,no chompapia
781,chompapia
782,chompapia
783,chompapia
784,chompapia
785,no chompapia
786,no chompapia
787,no chompapia
788,no chompapia
789,no chompapia
790,no chompapia
791,no chompapia
792,chompapia
793,chompapia
794,chompapia
795,no chompapia
796,no chompapia
797,no chompapia
798,no chompapia
799,no chompapia
800,chompapia
801,no chompapia
802,no chompapia
803,no chompapia
804,no chompapia
805,no chompapia
806,no chompapia
807,no chompapia
808,no chompapia
809,no chompapia
810,chompapia
811,no chompapia
812,no chompapia
813,no chompapia
814,no chompapia
815,no chompapia
816,no chompapia
817,no chompapia
818,no chompapia
819,no chompapia
820,no chompapia
821,chompapia
822,no chompapia
823,no chompapia
824,chompapia
825,no chompapia
826,chompapia
827,no chompapia
828,no chompapia
829,chompapia
830,chompapia
831,no chompapia
832,chompapia
833,chompapia
834,no chompapia
835,no chompapia
836,chompapia
837,no chompapia
838,chompapia
839,no chompapia
840,chompapia
841,chompapia
842,no chompapia
843,no chompapia
844,no chompapia
845,no chompapia
846,chompapia
847,no chompapia
848,no chompapia
849,no chompapia
850,no chompapia
851,no chompapia
852,no chompapia
853,chompapia
854,no chompapia
855,chompapia
856,no chompapia
857,no chompapia
858,chompapia
859,no chompapia
860,no chompapia
861,chompapia
862,chompapia
863,chompapia
864,no chompapia
865,no chompapia
866,no chompapia
867,no chompapia
868,no chompapia
869,chompapia
870,no chompapia
871,no chompapia
872,no chompapia
873,chompapia
874,no chompapia
875,no chompapia
876,no chompapia
877,no chompapia
878,no chompapia
879,no chompapia
880,chompapia
881,chompapia
882,chompapia
883,no chompapia
884,chompapia
885,no chompapia
886,no chompapia
887,no chompapia
888,chompapia
889,chompapia
890,chompapia
891,no chompapia
892,chompapia
893,no chompapia
894,chompapia
895,no chompapia
896,no chompapia
897,no chompapia
898,no chompapia
899,no chompapia
900,no chompapia
901,chompapia
902,no chompapia
903,no chompapia
904,chompapia
905,chompapia
906,no chompapia
907,chompapia
908,chompapia
909,chompapia
910,no chompapia
911,no chompapia
912,no chompapia
913,no chompapia
914,chompapia
915,chompapia
916,no chompapia
917,no chompapia
918,no chompapia
919,no chompapia
920,no chompapia
921,no chompapia
922,no chompapia
923,chompapia
924,chompapia
925,no chompapia
926,no chompapia
927,no chompapia
928,no chompapia
929,chompapia
930,no chompapia
931,chompapia
932,no chompapia
933,no chompapia
934,no chompapia
935,no chompapia
936,no chompapia
937,chompapia
938,chompapia
939,no chompapia
940,no chompapia
941,no chompapia
942,no chompapia
943,chompapia
944,chompapia
945,chompapia
946,chompapia
947,no chompapia
948,no chompapia
949,no chompapia
950,chompapia
951,no chompapia
952,chompapia
953,chompapia
954,chompapia
955,no chompapia
956,chompapia
957,no chompapia
958,chompapia
959,no chompapia
960,no chompapia
961,no chompapia
962,chompapia
963,no chompapia
964,chompapia
965,no chompapia
966,no chompapia
967,chompapia
968,no chompapia
969,no chompapia
970,no chompapia
971,no chompapia
972,no chompapia
973,no chompapia
974,chompapia
975,chompapia
976,no chompapia
977,chompapia
978,no chompapia
979,chompapia
980,no chompapia
981,no chompapia
982,chompapia
983,no chompapia
984,no chompapia
985,no chompapia
986,no chompapia
987,no chompapia
988,no chompapia
989,no chompapia
990,no chompapia
991,no chompapia
992,no chompapia
993,chompapia
994,chompapia
995,no chompapia
996,chompapia
997,chompapia
998,no chompapia
999,no chompapia
